{
    "cluster_name": "interactive-cluster",
    "autoscale": {
        "min_workers": 1,
        "max_workers": 2
    },
    "spark_version": "9.1.x-scala2.12",
    "spark_conf": {
        "spark.databricks.delta.preview.enabled": "true"
    },
    "azure_attributes": {
        "first_on_demand": 1,
        "availability": "ON_DEMAND_AZURE",
        "spot_bid_max_price": -1
    },
    "node_type_id": "Standard_DS3_v2",
    "driver_node_type_id": "Standard_DS3_v2",
    "ssh_public_keys": [],
    "custom_tags": {},
    "spark_env_vars": {
        "PYSPARK_PYTHON": "/databricks/python3/bin/python3"
    },
    "autotermination_minutes": 10,
    "enable_elastic_disk": true,
    "cluster_source": "API",
    "init_scripts": []
}